item,apparel_accessories,home_garden_furniture,other
DAGMAR SCARF GRID GREY MELANGE  - Size : one size,,,
Black puff sleeve midi shirt dress 12 Black,,,
"GPx Shorts, Men's Jet Black - Size : S",,,
New Look Petite tie waist denim playsuit in mid blue,,,
lelli kelly pink swan baby dolly trainers toddler UK 6,,,
Mini girls purple printed ribbed vests 3 pack 12-18 Mths Purple,,,
White Satin Button Front Shirt,,,
Toddler Girls Two Tone Sweatshirt,,,
High Waisted Side Slit Flared Trousers,,,
Ditsy Floral Bandeau Knot Detail Maxi Dress,,,
JDY t-shirt with lace cuff in white,,,
ASOS DESIGN Plus 12.5oz skinny jeans in washed black with knee rip and destroyed hem,,,
Pink Polka Dot Pyjama Bottoms,,,
Training Leggings - Grey - S,,,
ASOS DESIGN Curve oversized t-shirt with long sleeve with savage back print in purple,,,
Pull&Bear hoodie in ecru,,,
PRETTYLITTLETHING Light Blue Wash Distressed Denim Mom Shorts,,,
Attitude Slinky High Waisted Shorts in Ice Blue,,,
V-12 Leather Extra White Cyprus Trainers,,,
Fine Double Piquet Jersey Polo – XL - Olive,,,
Under Armour camo box logo t-shirt in green,,,
Fred Perry Core Pocket Short Sleeve T-Shirt,,,
Cream Frill Trim Puff Sleeve Jumper,,,
ASOS 4505 jersey utility jogger,,,
Gymshark Sport Shorts - Charcoal - Large,,,
Disney Pixar Toy Story Woody Dangle Charm,,,
White Tassel Hem Halterneck Playsuit,,,
Nike Modern Lightweight Track Pants,,,
adidas black & white handball spezial trainers UK 8,,,
Soft Rib Wrap Beltted Midi Dress,,,
Puma Running leggings in black,,,
2016 Women Vintage Backpack Gypsy Bohemian Hobo Chic Hippie Aztec Folk Tribal Woven String Backpack Female Drawstring Rucksack,,,
Scotch & Soda amsblauw check long sleeve shirt,,,
Gymshark Training Leggings - Black - Small,,,
Grey Marl Basic Cycle Shorts,,,
ASOS DESIGN Wrap Jumpsuit with Horn Button and Culotte Leg,,,
Wash Me Do It High-Waisted Mom Jeans,,,
Missguided slinky cut out mini dress in black,,,
Large Sterling Silver Initial Charm - K / No,,,
Ping Holten Golf Polo Shirt Navy P03483-N125,,,
Slim Fit Denim Dungarees,,,
Black One Shoulder Waist Cut Out Bodycon Dress,,,
Flower Pressed Round Pendant Necklace,,,
Petite Tailored Belted Shorts,,,
Grey Marl Lace Trim Top,,,
3pack Letter Graphic Shorts Co-ord Bikini Swimsuit,,,
Calvin Klein Jeans zolah trainers in natural/white,,,
Cobalt Blue V-Neck Cotton T-Shirt,,,
Puma Essentials t-shirt with small logo in navy,,,
Black Lightweight Bomber Jacket,,,
Kickers Kick Low Core Shoe,,,
ASOS DESIGN sheer mesh printed daisy ankle sock,,,
ASOS DESIGN Hourglass Curve lift and contour skinny jeans in clean black,,,
2 Pack Black and Grey Twill Jersey Shorts Multipack*,,,
NA-KD tie waist pleated mini skater dress in burgundy,,,
Things I Like Things I Love TILTIL Masaya Blouse Grey,,,
Sand Weekend In New York Slogan Bodysuit,,,
Tie-Strap Smocked Cami Set Top,,,
Pink Crinkle Tie Front Bikini Top,,,
Lace Panel Ruched Cami Top,,,
Recycled Structured LS Frill Blouse,,,
V-shape Waist Flippy Shorts,,,
Dsquared2 - Icon Large Print Cool Fit Short Sleeved T-Shirt - Red,,,
Halterneck A-Line Midi Dress,,,
Black Vegan Leather Shorts - XS,,,
Pale Pink Lace Back Seamless Brazilian Briefs,,,
Off The Shoulder Wide Leg Knitted Co-ord,,,
Public Desire structured cami crop top with chain straps in satin,,,
Pour Moi Eden lace trim t-shirt bra in almond,,,
ASOS DESIGN lounge sweat & jogger set,,,
ASOS DESIGN Petite co-ord knitted leggings in black,,,
PRETTYLITTLETHING White With Black Stitch Oversized Boyfriend Denim Jacket,,,
Cut And Sew Contrast Trim Sports Bra,,,
Vera Wang Embrace EDT Green Tea and Pear Blossom 30 ml,,,
Timberland brown treeline mid hiker boots UK 7,,,
Yeva Trouser in Black by Motel - XS,,,
Boys black printed t-shirt 5 pack 9-10 Yrs Black,,,
New Look faux leather espadrille wedges in black,,,
MOTEL X OLIVIA NEILL Dad Denim Short in Rich Brown - XS,,,
Storm Hybrid Zip Hoodie,,,
Plus Ditsy Floral Print Tie Front Layered Ruffle Hem Shorts,,,
ASOS DESIGN single hoop earring with gothic R initial and swarovski crystal in gold tone,,,
Nike Running Quest 3 trainers in triple black,,,
Mini girls bright pink print T-shirt outfit 18-24 Mths Pink,,,
JDY ribbed jumper with crew neck in blue,,,
New Look Petite mini tea dress in pink polka dot,,,
Nike Nike Air Max Viva Women's Shoe,,,
Only mom denim shorts in blue,,,
3 Pack Colourblock TShirts 3mths7yrs,,,
x1 Liberty Floors Premium Plus 6mm Concrete Grey Waterproof Tile Engineered Click Vinyl Flooring Sample 46953,,,
[Super non-slip] Slippers women summer middle and large boys kids cartoon sandals and slippers bathroom inside and outside wear children's slippers,,,
Pale Blue Frill Sleeve T-Shirt,,,
Light Blue Skinny Shorts,,,
Rib Round Neck Singlet,,,
Puff Sleeve Wide Neck Knitted Sweater,,,
converse white & red cribster fruits shoes baby UK 1,,,
Plus Lace Panelled Midi Dress,,,
Shape White Ruched Front Cropped Shirt,,,
India Thong - Black Size : 12,,,
Baby Collar T-Shirt and Legging Set,,,
Blazer Mid 77 'Sketch Pack' Trainer,,,
Curve Black Organza Puff Sleeve Top,,,
Burton Horizontal Mountain Short Sleeve T-Shirt,,,
French Connection polo in black,,,
Black Ribbed Zip Up Bodysuit - Nala - 14 / Black,,,
Orange floral organza puff sleeve top 12 Orange,,,
Chunky Signature Black Sweat Hoodie Black S,,,
Only wrap detail blouse with asymmetric hem in floral print,,,
x1 Nomination Classic Stainless Steel Base Charm Bracelet Size: 15cm,,,
Terracotta Polka Dot Print Tie Bust Puff Sleeve Shift Dress,,,
Rhinestone Decor PU Belt,,,
ASOS DESIGN soft jacquard wide leg co ord trousers,,,
polo ralph lauren white & navy theron shoes baby UK 1.5,,,
Gymshark Flex High Waisted Leggings - Pink/White - Small,,,
Kam Cargo Combat Trousers - Black,,,
Navy slim fit half zip knitted polo shirt M Navy,,,
ASOS DESIGN sterling silver hoop earrings with twisted detail,,,
x1 ROYAL BLUE SHADOW STRIPE SHORTS Size: 78YRS,,,
Vermont T Shirt - Black & Neon - S,,,
Black And Pink Satin Scrunchie 2 Pack,,,
RIBBED SWEATER WITH ROUND NECK,,,
New Look sporty brooklyn slogan t-shirt in white,,,
Striped High Waisted Bikini Briefs,,,
Floral Casual Round Neckline Short Sleeve Blouses (1645700952),,,
Threadbare overcoat in lilac,,,
Black Crinkle Puff Sleeve Wrap Top,,,
ASOS Date Night Box - SAVE 70%,,,
ASOS DESIGN rib cardigan with v neck in cream,,,
ASOS DESIGN satin cami in zebra print,,,
ASOS DESIGN Farleigh high waist slim mom jeans with raw hem in dusty mauve,,,
Pink Floral Print Frill Strap Skort Playsuit,,,
& Other Stories drop shoulder jumper in violet,,,
Lucian Ruched Skirt - Silver Sequin - 10 / Silver,,,
Pieces 90s square sunglasses with tinted lenses in tan,,,
ASOS DESIGN Tall deep waistband legging in elephant grey,,,
MAMA Seamless sports tights,,,
ASOS DESIGN Scarlett western black heeled mules in cow print,,,
Nike 3-Pack Everyday Plus Training Crew Socks,,,
Boys white textured half zip polo shirt 11-12 Yrs White,,,
Nike Air Max Poly Overhead Hoodie Junior,,,
ASOS DESIGN Petite satin pleat midi skirt in leopard print,,,
Lilac Missguided Brushed Back Basic Cropped Sweatshirt,,,
Hot Pink Royal Balcony Bra & Thong - 36 / G / XL,,,
Nicce t-shirt with all over logo print,,,
PETITE White Raglan Crop T-Shirt,,,
ASOS DESIGN Tall fitted polo in rib with long sleeve in black,,,
Black High Neck Ruched Satin Mini Dress - 10 / BLACK,,,
Girls White Eyelash Lips T-Shirt,,,
adidas Originals 'Leopard Luxe' cropped t-shirt,,,
Plus Basic Crew Neck T- Shirt,,,
ASOS DESIGN Pheebs slingback stiletto heels with bow in pale blue,,,
Converse black all star hi trainers toddler UK 2,,,
2-pack light shaping thongs,,,
Boohoo crochet smock dress with tie neck in white,,,
Another Reason maxi bodycon skirt in rib with thigh split,,,
Yours frill sleeve tierred smock blouse in pink & red floral,,,
Split Hem Ditsy Floral Skirt,,,
DesignB layered neckchains in silver with t-bar and multicolour natural stone pendant,,,
Leopard Scarf Print Shirt Dress,,,
Leo Midi Wrap Dress,,,
ASOS DESIGN Plus longline hoodie with amour text print in black,,,
Women New Oxford Cloth Shoulder Bags Waterproof Nylon Messenger Bag Female Large Capacity Crossbody Bags wing1,,,
Missguided Petite cigarette trousers in black,,,
adidas Originals essentials t-shirt in grey,,,
Puma exclusive to ASOS high waist ombre leggings in blue,,,
Volume Sleeve Button Through Belted Playsuit,,,
Plus V-neck Flounce Sleeve Peekaboo Dress,,,
Chocolate Mesh Bralet Cropped Shirt,,,
Brave Soul legging shorts in black,,,
ugg black classic femme mini boots UK 3,,,
Contrast Tribal Print Sleeve Colour Block Dress,,,
Girls pink leopard bow socks 2 pack 9-c12 Brown,,,
Bershka denim shorts in skinny fit with rips in blue,,,
Plus Solid Flap Pocket Cargo Trousers,,,
schuh black amy croc ankle boots UK 7,,,
Women 100% Extra Fine Merino Wool Turtleneck Jumper,,,
adidas Originals adicolor cropped large logo t-shirt in orange,,,
Sway Mid Bootcut Jeans,,,
Missguided peplum blouse in spot,,,
ASOS DESIGN co-ord shirred waist shorts in polka dot print,,,
Carhartt WIP state chromo back print t-shirt in black,,,
Green Frill Edge Padded Bikini Top,,,
Black Biggie 96 Print Oversized T Shirt,,,
Green Chiffon Leopard Print Wrap Dress,,,
Fila Vintage 1/4 Zip Polo Shirt Sky Blue,,,
Kia Trousers in Black & White Floral Print in Organic Cotton - L30,,,
x1 SikSilk Jersey Shorts  Grey Marl MEN SIZES BOTTOM: Medium 32in,,,
Pinstriped Flared Suit Pants,,,
Black Bardot Tassel Mini Dress,,,
Mini girls white printed frill sleeve T-shirt 6-9 Mths White,,,
Black Matte Satin One Shoulder Button Detail Bodycon Dress,,,
New Fashion Women Plus Size Casual T-shirt 3/4 Sleeve Blouse Button Printing Loose Tops,,,
ASOS DESIGN Petite halter skater mini dress with pephem,,,
Layered Waist Chain Belt,,,
Shape Black Mesh Long Sleeve Ruched Bodysuit,,,
ASOS DESIGN lounge frill sleeve playsuit with button front in black,,,
Photo Frame 50x70cm Oak,,,
Rare Aloe Vera Plant Perfect Vegetables & Fruit Edible Beauty Edible Succulent Bonsai Plants for Home & Garden -20/60/120/200pcs,,,
Abstract Branch Poster (30x40 cm),,,
Contemporary Yellow No2 (50x70),,,
x1 Holden Decor Holden Dcor Harlen Damask Woodland Hand Painted Style Animals Flowers Leaves Wallpaper 90805  Sample Request,,,
Fringed Waffle Towel 50 x 70 cm,,,
Mabel Floral Print Duvet Cover,,,
Luxury Duvet™ | A Hotel Feeling At Home - Single Plus (140x210) / Grau,,,
Highams 100% Cotton Plain Duvet Set - Grey,,,
1pc Home Design DIY Epoxy Mold,,,
x1 ForYourLittleOne Grey Moses Basket Rocking Stand Colour: Grey,,,
2.0MP HD 1080P Outdoors Waterproof CCTV Camera Two Way Audio IP Cam P2P Mini WIFI Camera Full-Color Night Vision Surveillance Home Security Cam,,,
Typo block candle with slogan 'hot as',,,
Street Of Paris (21x30),,,
Greenwiche 300 TC Duvet Cover Set,,,
x1 Pushchair Raincover Compatible with Mamas  Papas Model: Fits All Models,,,
Luxury Duvet™ | A Hotel Feeling At Home - Single Plus (140x210) / Grün,,,
Believe Poster (30x40 cm),,,
"1M/2M/3M//5M/10M/15M/20M  Solar String Lights 8 Modes Solar Powered /USB Powered Copper Wire Fairy Lights IP65 Waterproof Indoor Outdoor Lighting for Home, Garden, Party, Path, Lawn, Wedding, Christmas, DIY Decoration",,,
Dried Leaf No4 (30x40),,,
USB Charger Dual USB Wall Charger 4USB Wall Home Travel AC USB Charger Charging Adapter for iPhone Huawei Tablets and More,,,
Weimar Shapes No1 (30x40),,,
Flowers Poster (21x30 cm (A4)),,,
Black And Gold Veins No1 (50x70),,,
Palms Poster (30x40 cm),,,
DKNY logo ribbed cuffed logo jogger in black,,,
4-7kg  Premium Himalayan Salt Lamp - Tested Bulb and Cable Included,,,
Ribbed Bandeau Strap Singlet,,,
"Charley 2 Seater Sofa, Graphite Grey",,,
USB Charging Dock Charger Adapter Data Transfer 1m Cable Line Portable for Garmin Forerunner 220 Smart Watch FTG,,,
Mylee Pro Convex Curing Lamp,,,
x1 Superfresco Easy Prestige Geo Diamond Metallic Lightly Textured Modern Grey Wallpaper  108607  Sample Request,,,
1 x Aston Villa Home Shirt 2019-20 with Grealish 10 printing,,,
Mandala Print Round Beach Blanket,,,
Marble Geo Duvet Cover and Pillowcase Set - Grey / Double,,,
Black ribbed split side flare 12 Black,,,
Prado Upholstered Bed Frame,,,
6 Seater Rattan Effect Corner Sofa Set with Cushions,,,
Homer Chicken Coop with Nest Box,,,
Flared Wing Bed - Single 3ft / Plush Fabric / Silver,,,
50x Adjustable Micro Plants Irrigation Grass Watering Emitter Drip Sprinklers,,,
Black Leather-Look Footbed Flip Flops,,,
Snuggle Beds Memory Ortho Luxe 5' King Size Mattress,,,
150cm Novelty Floor Lamp,,,
Bondi Beach Ocean Pool (50x70),,,
4baby 6ft Deluxe Body & Baby Support Pillow - Grey / White Stars,,,
Spanx undie-tectable thong in beige,,,
Texture Line Shoulders (30x40),,,
"Briz Textured Glass Floor Lamp, Antique Brass & Pink",,,
x1 Baby Parasol Compatible With Infababy Colour: Sand Model: Fits All Models,,,
x1 Holden Decor Holden Dcor Casimiro Plaint Textured Concrete Effect Distressed Paint Wallpaper 35840  Sample Request,,,
World Map Grey Watercolor (50x70cm),,,
The Last Five Years Movie Poster,,,
Chakra Bubble Candle Holder Large Bronze,,,
Men Women Outdoor Sports Mesh Hat Quick Dry Breathable Baseball Cap Camping Sunscreen Adjustable Hat,,,
Grey 'Duvet day' pyjama set 9-10 Yrs Grey,,,
Surfers wave Poster (21x30 cm (A4)),,,
Cotton Plant Blue (13x18cm),,,
Gold Monstera No1 (21x30),,,
Swan Dirtmaster Carpet Washer - Black,,,
Chaim Wall Mounted Mirror,,,
FREE -  Relax Candle,,,
Yankee Candle Cuban Mojito Votive Candle 49g,,,
Blue Peony No1 (21x30),,,
Milton Sterilising Tablets 28 pack,,,
Bedford Travel Medium Logo Stripe Passport Wallet,,,
Kitsch Kitchen Gloria Jar/ Planter,,,
Matilda Midsleeper Cabin Bed with Underbed Storage Drawers in Silk Grey,,,
Rattan garden furniture set Nizza,,,
Dreamscene Marble Geometric Duvet Set - Grey/Blush,,,
Oscar Wilde Happy Poster (21x30 cm (A4)),,,
NEW! PILLOW TALK JUST-KISSED GLOW KIT,,,
Hartman Vienna Square Corner Sofa Lounge Set in Xerix / Slate,,,
Beamond Bedspread Set with 2 Pillowcases,,,
Hatstore Exclusive x New York Yankees Essential 9Fifty Stretch Black Adjustable - New Era,,,
Citronella Candle in Glass Cup,,,
Blanche Ruched Duvet Cover,,,
A.Kjaerbede round sunglasses in orange,,,
Brentfords Pinsonic Duvet Set - Silver,,,
3 Pack Ribbed Velvet Scrunchie,,,
Clarinda Upholstered Dining Chair,,,
Walnut Frame 30x40 cm,,,
Typo x Friends tea towel with central perk print,,,
Why Plant I Palm Playsuit,,,
NcVicar 4 Seater Sofa Set,,,
Namastay In Bed (50x70),,,
180 Degree Freely  Rotating Desktop Makeup Mirror,,,
IP44 Rated LED Battery Operated Bathroom Mirror,,,
Four Slice Sparkle Rose Gold Toaster,,,
Streets of London (50x70),,,
Maude Duvet Cover Set,,,
Party Heels On (30x40),,,
Brodsworth Curtain Fabric Chintz,,,
Lake House Poster (50x70 cm),,,
45cm Cotton Empire Lamp shade,,,
Black & White Shapes No3 (30x40),,,
The Ritual of Sakura Scented Candle,,,
PILLOW TALK DREAMY EYE KIT,,,
Noodle 0+ Highchair Unicorn Land,,,
It's Not What We Have Poster (21x30 cm (A4)),,,
Passe-partout 50x70 cm White,,,
Abstract Figures No2 (50x70),,,
A4 Letter Basket in Pink,,,
Lines Poster (50x70 cm),,,
x1 Malme Coffee Table in Grey and Natural Pine,,,
3-Piece Nula Nest of Tables Set,,,
x2 A.S. Creation AS Creation Industrial Stone Concrete Wallpaper Metallic Black Gold,,,
NEW! PILLOW TALK LIP SECRETS,,,
Picture frame gold (50x70cm) plexi,,,
Texture Line Hands (21x30),,,
Glass and metal candle lantern,,,
Lovehoney Bed Ringer Rechargeable Double Cock Ring Purple,,,
Balloon Walk Poster (40x50 cm),,,
Dissolve Me Poster (21x30 cm (A4)),,,
POSTER HANGER WHITE 50x70 cm (19.7x27.5 in),,,
schuh brown sid footbed sandals UK 11,,,
Makaila Duvet Cover Set,,,
Bedford Small Pebbled Leather Crossbody Bag,,,
1 Piece 7.5Feet Artificial Grape Ivy Leaf Garland Hanging Plants Vine Fake Foliage Flowers Wedding Home decorations,,,
Crying Baphomet Candle Holder,,,
Mylee Pro Salon Series LED Lamp Convex - White (NEW),,,
Wave Pacific Inflatable Hot Tub - Grey Rattan (2-4 Person),,,
Nevada 3 Drawer Bedside Bedside WHITE,,,
Peytil Antibes Poster (30x40 cm),,,
Rowan Blue Plant Pots 2 Pack,,,
"Canvas 18 Piece Dinnerware Set, Service for 6",,,
New NEJE KZ10W 10000mW Laser Engraving Machine Extreme Speed Carver Mini Engraver Cutter Desktop DIY Printer For Windows/Macbook/APP Banggood World Premiere,,,
Diesel Only The Brave Tattoo Eau de Toilette Spray 50ml,,,
Disney x Skinnydip Pascal Shock Case - iPhone 12 Pro Max,,,
Bondi Sands Pure Concentrated Self Tan Drops Medium 40ml,,,
Style & Grace Botanique Pamper Pot,,,
9PCS Universal Car Seat Covers Full Set Tire Line Pattern Rear Split 3 Colors,,,
Pokemon: Growlithe Funko Pop (New York Toy Fair 2020),,,
GWP Deluxe Better Than Sex Mascara 3.9g,,,
Snowstorm - iPhone 12 Pro Max / Tough,,,
"Signature Moisturiser M1 with Hyaluronic Acid, Vitamin C, Vitamin E and Argan Oil - Mandarin Scented (50ml)",,,
"Microsoft Xbox Wireless Controller - Game Pad - kabellos - Bluetooth - Shockblau - für PC, Microsoft Xbox One, Android, iOS, Microsoft Xbox Series S, Microsoft Xbox Series X",,,
SAMPLE - Face Cream Women,,,
x1 Pokemon Dragon Majesty Special Collection: White Kyurem GX Box,,,
Rubber Brush 5x16.5cm/2x6.5in Blue,,,
Revlon Charlie Red Eau de Toilette Spray 100ml,,,
Prada L'Homme Eau de Toilette Spray 100ml,,,
FRENCH TERRY SWIPES SAGEBRUSH GREEN,,,
MYGEL by Mylee Copper Shine Gel Polish 10ml,,,
Black Craft Cult - Believe In Yourself - Tank,,,
Jimmy Choo Flash Eau de Parfum Spray 100ml,,,
x1 Pokmon JAPANESE Pokemon S2a Explosive Flame Walker Booster Pack,,,
x2 Pokemon SM Crimson Invasion 060/111 Deino Condition: Mint / Near Mint,,,
iDeal Of Sweden Saffiano Case iPhone 11 Green,,,
Rose Gold Glam Bake Off Angled Powder Brush,,,
x1 Pokemon Boundaries Crossed 014/149 Cottonee Condition: Mint / Near Mint,,,
PUMA RS-X3 Puzzle Infant,,,
STATUE CASE - iPhone 11 Pro Max / Tough Glossy,,,
Sally Hansen Good Kind Pure Nail Polish - Pink Cardamon,,,
Lipstick Print Round Neck Tee,,,
Makeup Revolution Create Ultimate Powder Brush R12,,,
Halfords - Click and Collect Erdington,,,
x1 Pokemon Boundaries Crossed 075/149 Gothita Condition: Mint / Near Mint,,,
Rose Petal 25 Eau De Toilette,,,
Miss Selfridge 2 pack face covering in cream floral,,,
x1 Atlantic Handles 76mm 3 Ball Bearing Hinge Pair Polished Chrome A2HB32525PC,,,
Seychelles Fragrance Oil (Bottle Size: 100ml),,,
Mini girls pink dogtooth cardigan outfit 2-3 Yrs Pink,,,
Palmer's Coconut Oil Formula Strengthening Leave in Conditioner 250ml,,,
PADDED BIB HYBRID WITH TIES,,,
Mylee Amethyst Gel Polish 10ml,,,
Mylee Blue Lagoon Gel Polish 10ml,,,
adidas white superstar el trainers toddler UK 7,,,
Meet your Hue Concealer 50g,,,
x1 Pokemon Boundaries Crossed 125/149 Unfezant Condition: Good,,,
3 Pack Girls Bibs - 1-Size,,,
1pc Electric Drill Brush,,,
Lancôme | Women's fragrances | La Vie est Belle | Eau de Parfum Spray | 30 ml,,,
Halfords - Click and Collect Mile End Road,,,
1pc Leaf Print Collapsible Phone Finger Holder,,,
Halfords - Click and Collect Eastleigh,,,
L'Oréal Paris Infallible More Than Concealer - 327 Cashmere,,,
Minimal Pink Shock Case - iPhone 12 / 12 Pro,,,
iPhone 2 In 1 USB Converter,,,
Grey Brushed Marl Split Hem Leggings,,,
ASOS DESIGN lounge brushed jogger short in grey marl,,,
Peony & Blush Suede Fragrance Oil (Bottle Size: 50ml),,,
My White Secret Day & Night Toothpaste,,,
MYGEL by Mylee Sky dive Gel Polish 10ml,,,
x1 Pokemon Sun  Moon Promo SM240 Espeon  Deoxys GX TAG TEAM Full Art Condition: Mint / Near Mint,,,
Concealer Buffer Brush (142) - Bamboo,,,
Jean Paul Gaultier la Belle Eau de Parfum Spritzer 1.5ml (Free Gift),,,
DKNY Be Delicious Eau de Parfum for Women: 30ml,,,
Conceal & Hydrate Concealer C5,,,
60ml Hand Sanitizer Gel Travel Cute 75% alcohol Antibacterial Disinfection,,,
Perfume Your Bin Starter Set with Holder and Capsule,,,
4pcs New Aloe Vera Moisturizing Lip Stick Lipstick Color Mood Changing Long Lasting,,,
ASOS DESIGN lounge brushed jogger in grey marl,,,
Monkey Farts Fragrance Oil (Bottle Size: 100ml),,,
P.Louise #662 Contour Brush,,,
x1 Pokemon Boundaries Crossed 010/149 Shaymin Condition: Mint / Near Mint,,,
Mylee A day in paradise Gel Polish 10ml,,,
CHERRY BLOSSOM clear suede brushes One size,,,
50pcs box of natural aromatherapy indoor spice sandalwood clean air incense burner aromatherapy fragrance spice fresh air,,,
1pc Phone Privacy Screen Protection Film,,,
Halfords - Click and Collect Sydenham,,,
x2 Pokemon Sword  Shield Base 161/202 Energy Search Condition: Mint / Near Mint,,,
x1 Pokemon SM Guardians Rising 112/145 Stufful Condition: Mint / Near Mint,,,
Paco Rabanne Pour Homme Eau de Toilette Spray 100ml,,,
Soap Dispenser Matt Black,,,
Matte Lipstick Pinky Promise 4.5ml,,,
LullaBellz super thick 26 inch 5 piece statement straight clip in hair extensions in dark brown,,,
NYX Professional Makeup Suede Matte Lip Liners - Dainty Daze,,,
Revolution Skincare Skincare Colloidal Silver Serum,,,
CREME ALLURE  Lipstick - NUDE,,,
Sunkissed Self Tan Mousse Dark 200ml,,,
Revolution Pro New Neutrals Blushed Satin Matte Lipstick - Plush,,,
Heavenly Luxe Angled Radiance Brush #10,,,
birkenstock black milano eva sandals toddler UK 9,,,
Femme Tastic Perfume 50 ML - 50 ML,,,
Matte Lipstick Coral Crush 4.5ml,,,
Foil Frenzy Fusion Eyeshadow Palette 13g,,,
Dolphin Shaped Self Adhesive Bra,,,
Halfords - Click and Collect St. Austell,,,
nike white air force 1 trainers toddler UK 6.5,,,
Halfords - Click and Collect Speke,,,
Makeup Revolution Superdewy Liquid Blush Flushing For You,,,
Revolution Skincare Super Salicylic Serum,,,
Pure Whey Protein Isolate 95,,,
"Soultanicals Chebe-Ginger, Supa Deep Conditioner 8 oz",,,
Pure Series™ Pure Whey Isolate™ 97 Unflavoured 500g,,,
theBalm Cosmetics Lips Meet Matt(e) Hughes: Exclusive Set,,,
Makeup Revolution Create Soft Focus Brush R6,,,
Miss Selfridge frill spot shirt in black,,,
M6 - PRO FLAT BUFFER BRUSH,,,
adidas Badge Of Sport Box Tracksuit Infant,,,
Stila Iridescent Glitter & Glow Duo Chrome Liquid Eyeshadow Set,,,
Makeup Revolution Powder Matte Lipstick Naked,,,
"Regena-C Moisturiser M4 with Retinol, Vitamin C and Hyaluronic Acid - Unscented 50ml Glass Jar",,,
adidas white & silver superstar trainers toddler UK 3,,,
Citronella Fragrance Oil 10ml,,,
Huda Beauty Matte & Metal Melted Eyeshadow 4ml Wednesday & Fro-Yo,,,
Kelly Trumpet Mouthpiece Tone Sleeve,,,
Wave Pattern iPhone Case,,,
Midnight Blue Phone Case (iPhone XR) - Midnight Blue Phone Case (XR) - Metal Lettering,,,
Vans Old Skool Infant,,,
Givenchy L'Interdit Eau De Parfum Spray 50ml,,,
dr martens bronze 1460 pascal boots toddler UK 5,,,
L'Oreal Elvive Extraordinary Oil Coconut Conditioner for Normal to Dry Hair 500ml,,,
30Ml/50Ml/100Ml Baking Soda Whitening Toothpaste Teeth Different Fruit Flavors Intensive Stain Removal Fight Bleeding Gums Repair Toothpaste Cleaning Oral Care,,,
NARS Kabuki Brush - Yachiyo Brush,,,
Rimmel London Lasting Finish Lipstick Coral In Gold,,,
Dark Opium Fragrance Oil - 50g,,,
Amazing Space Formula C Repair face cream,,,
Wing Liner Brush (317) - Rose Golden,,,
Revolution Pro Regeneration Eyeshadow Palette - Astrological,,,
IDEAL OF SWEDEN Fashion Case iPhone 8 Dark Floral,,,
Creed Aventus Eau de Parfum Spray 100ml,,,
6packs Nail Art Glitter Powder & 1pc Brush,,,
Halfords - Click and Collect Seafield,,,
Boohoo Luxury Cosmetic Sponge,,,
Tommy Hilfiger Girl Eau De Toilette 50ml,,,
Burberry London for Women Eau de Parfum for Women 100 ml,,,
Antimatter Lipstick - Glowstick,,,
1pc Lightning iPhone Case,,,
x1 Mintini Baby Bib Ivory Size: One Size,,,
x1 Givenchy Gentleman Pour Homme  100ml Eau De Toilette Spray,,,
Bondi Sands Self Tanning Ultra Dark Foam - 200ml,,,
Cosnature | Skin care | Body care | Hydro Hand Wash Water Lily | 300 ml,,,
MAC Mini MAC Matte Lipstick - Breathing Fire,,,
Technic Back Combing Brush,,,
The Neutral Matte Eyeshadow Palette,,,
"LullaBellz Grande Lengths 26"" Straight Pony Extensions Choc Brown",,,
igor clear star cristal trainers toddler UK 5,,,
Tired Already Longline Vest - 12,,,
Ralph Lauren Polo Red Rush Eau de Toilette Spray 125ml,,,
x1 Pokmon Pokemon Card Bundle in Tin  x50 Cards Including Holo Promos  V/GX,,,
Seletti X Toiletpaper 'Lipsticks' Face Mask,,,
4pcs Stainless Steel Straw & 1pc Cleaning Brush & 1pc Pouch Bag,,,
Aquolina Pink Sugar eau de toilette prov för Kvinnor 1 ml,,,
Rimmel Day to Night Mascara Black,,,
Houndstooth Pattern Baguette Bag,,,
Oud Wood Fragrance Oil (Bottle Size: 100ml),,,
Strawberry Kiwi Fragrance Oil (Bottle Size: 100ml),,,
Sleek MakeUP Highlighting Elixir - Poppin' Bottles,,,
Beyonce Rise Eau de Parfum 100ml,,,
new balance grey & navy xrc trainers toddler UK 6,,,
Super Thick 22 5 Piece Blow Dry Wavy Clip In Hair Extensions,,,
YSL Black Opium Eau de Parfum Spray 90ml,,,
Mega Clear Mascara Clear,,,
Rose Gold Glam Round The Blend Blending Brush,,,
Sakila Trouser in Wavey Dogtooth - S,,,
Miss Selfridge rouched midi dress in ditsy floral,,,
Fashion LV Phone case For iPhone 11 11Pro 11Promax SE 2020 Soft Silicone Cover iPhone 6s 7 7Plus 8 8Plus X Xr Xsmax Samsung Galaxy S8 S8Plus S9 S9Plus S10 S10Plus S20 Fundas Coque,,,
MAGIC BRIDAL MAKEUP KIT,,,
SAMPLE - Thick Shampoo & Conditioner Duo,,,
Purple Rain Fragrance Oil (Bottle Size: 50ml),,,
NYX Professional Makeup Precision Brow Pencil,,,
Isle of Paradise Self Tanning Drops - Medium 30ml,,,
Revolution Skincare Revolution Skincare x Jake - Jamie Toffee Apple Face Mask,,,
Exo Terra Reptile Multi Vitamins 70g,,,
Miss Selfridge boucle double breasted blazer in black,,,
Motorcycle & Letter Graphic Crop Tee,,,
x1 Mahogany Deluxe 18 Seamless Clip In Human Hair Extensions 180g,,,
The BUBBLEGUM Eyeshadow Palette,,,